TenderName,TenderOrgName,BidderSuppName,NotObtainSuppName,TenderAwardPrice,Count
「110年度網路及電腦設備委外管理維護」聯合採購案,臺北市政府都市發展局,威策電腦股份有限公司,,4880000,1
「110年運用租屋網路媒體平臺加強行銷社會住宅包租代管網路曝光」委託專業服務案,內政部營建署,數字廣告股份有限公司,,19420000,1
「110年網路駭侵鑑識分析調查平臺設備擴充及延長授權」採購案,法務部調查局,凌群電腦股份有限公司,,10800000,1
「110年網路鑑識與網路安全監控系統擴充」採購案,法務部調查局,中華電信股份有限公司企業客戶分公司,,5900000,1
「111年歐亞國際網路專線服務」採購案,中央研究院,中華電信股份有限公司企業客戶分公司,,47000000,1
「111年整體網路與站點管理維運案」,經濟部,永磐科技股份有限公司,,10780000,1
「亞洲‧矽谷-5G開放網路整合驗證暨推廣計畫」委託辦理案,國家發展委員會,中華電信股份有限公司企業客戶分公司,財團法人電信技術中心,97500000,1
110~114年度「核心網路交換器暨系統主機功能強化資訊服務計畫」,經濟部工業局,新加坡商網達先進科技有限公司台灣分公司,,9600000,1
110-111年度網路資訊安全防護監控服務專案工作計畫,行政院環境保護署,安碁資訊股份有限公司,,16050000,1
110-111年資安防護管理中心暨資安服務管理維護,海洋委員會海巡署,遠傳電信股份有限公司系統整合分公司,安碁資訊股份有限公司,6120000,1
110-112年全局網路擴充及更新案,交通部臺灣鐵路管理局,國眾電腦股份有限公司,,264140100,1
110-119年資安防護系統軟、硬體設備籌建計畫,海洋委員會海巡署,遠傳電信股份有限公司系統整合分公司,,160200000,1
110年「文化數據智能分析與決策輔助計畫之資料儲存設備及儲存區域網路交換器採購案」,文化部,展昇資訊股份有限公司,廣六科技有限公司,5880000,1
110年下半年至111年上半年改善偏遠之隔離檢疫所網路收訊採購案,國家通訊傳播委員會,中華電信股份有限公司企業客戶分公司,,34523160,1
110年伺服器資安紀錄保存與虛擬化儲存設備擴充案,桃園國際機場股份有限公司,華經科技股份有限公司,,8020000,1
110年度高雄市公有路邊停車費以網路或手機代收服務案,高雄市政府交通局,台灣大哥大股份有限公司系統整合分公司,,19530000,1
110年度電腦主機及網路設備採購案,財政部國有財產署,精誠科技整合股份有限公司,,6460000,1
110年度網路平台作業資訊系統新增功能採購案,衛生福利部中央健康保險署,凌群電腦股份有限公司,,5900000,1
110年度網路安全改善主機房伺服器虛擬化執行計畫,經濟部水利署第十河川局,鴻名企業股份有限公司,大塊系統工程股份有限公司,7740000,1
110年度臺北市政府市政資訊網路暨機房設施管理維運整體委託服務案,臺北市政府,宏碁雲架構服務股份有限公司,,28500000,1
110年租用網際網路不同路由固接專線電路5年,中華郵政股份有限公司,中華電信股份有限公司企業客戶分公司,台灣固網股份有限公司,5284000,1
110年租賃愛國大樓暨責任中心局網路設備,中華郵政股份有限公司,駿永資訊科技股份有限公司,,47000000,1
110年財政部財政資訊中心網路資安設備採購案,財政部財政資訊中心,中華電信股份有限公司企業客戶分公司,凌群電腦股份有限公司,126406000,1
110年骨幹及辦公網路改善,桃園國際機場股份有限公司,華電聯網股份有限公司,亞太電信股份有限公司,9900000,1
110年經濟部關鍵基礎設施資安聯防服務專案,經濟部,安碁資訊股份有限公司,,10600000,1
110年資安設備及雲端郵件系統授權更新維護案,行政院農業委員會農糧署,逸盈科技股份有限公司,,9700000,1
110年網路設備租賃案,臺北市政府,東豐科技股份有限公司,宏碁雲架構服務股份有限公司,51796920,1
110年環境用藥管理資訊系統架構重整應用計畫,行政院環境保護署毒物及化學物質局,環化有限公司,,5998000,1
110至111年海巡寬頻網路及電話交換系統保養維護,海洋委員會海巡署,神通資訊科技股份有限公司,,15664088,1
110至111年資料中心基礎設施暨資安維運案,經濟部加工出口區管理處,駿永資訊科技股份有限公司,,79356000,1
111、112年中華郵政臨櫃代收、郵政儲金帳戶約定扣款、語音、網路即時轉帳繳納各項公路監理資費,交通部公路總局,中華郵政股份有限公司,,35070000,1
111~113年度網路防火牆功能強化資訊服務計畫,經濟部工業局,豪勉科技股份有限公司,駿永資訊科技股份有限公司,7645700,1
111-112年網路申辦服務系統維護委外服務採購案,臺北市政府資訊局,昕力資訊股份有限公司,,4972000,1
111年度外國人申審業務系統暨外國人申請案件網路線上申辦系統功能增修及維運案,勞動部勞動力發展署,凌網科技股份有限公司,,16677925,1
111年度第四代M化網路偵查系統維護案,內政部警政署刑事警察局,怡德視訊股份有限公司,,6316800,1
111年度資通安全防護暨網路系統維護服務計畫,經濟部工業局,博鉅資訊股份有限公司,,17700100,1
111年租賃支局網路設備(第1期),中華郵政股份有限公司,駿永資訊科技股份有限公司,,160000000,1
111年租賃核心網路及責任局網路設備,中華郵政股份有限公司,駿永資訊科技股份有限公司,聚誠國際股份有限公司,40450000,1
111年資安暨智慧科技研發大樓機電設備維護,財團法人國家實驗研究院,正霖空調工程有限公司,,6250000,1
111年網路系統軟、硬體設備維護案,交通部臺灣鐵路管理局,以叡科技股份有限公司,紘瑒科技股份有限公司,15316560,1
ISMS維運及資安整備案,行政院農業委員會農糧署,漢昕科技股份有限公司,,4800000,1
大學申請入學介接學習歷程資料庫磁碟陣列及網路設備採購案,國立中正大學,敦陽科技股份有限公司,,35500000,1
內政部警政署111年度資安設備維護暨技術服務委託案,內政部警政署,精誠科技整合股份有限公司,,17000000,1
內政部警政署111年度電腦、網路及周邊等設備維護服務案,內政部警政署,精誠科技整合股份有限公司,,34218868,1
本局資訊中心機房網路升級服務案(The upgradation of thb-IDC intranet service),交通部公路總局,精誠科技整合股份有限公司,神通資訊科技股份有限公司,17300000,1
光纖型與無線網路設備一批,臺北榮民總醫院,永磐科技股份有限公司,,30903000,1
行政院主計總處「110年無線網路設備汰換暨軟體採購案」財物採購案。,行政院主計總處,永磐科技股份有限公司,大同世界科技股份有限公司,6832500,1
行政院主計總處「110年資安暨個資管理制度精進服務案」勞務採購案。,行政院主計總處,安侯企業管理股份有限公司,,1855000,1
居家辦公網路專線及雲端辦公服務租用案(開口契約),外交部,中華電信股份有限公司國際電信分公司,,19153200,1
法務部111年度資安網路技術及電腦機房設備操作監控委外服務案,法務部,東詣科技股份有限公司,,5900000,1
法務部所屬矯正機關110年網路防火牆更新整體委外案,法務部,凌群電腦股份有限公司,,8880000,1
海巡廣域網路及核心區域網路設備汰換計畫,海洋委員會海巡署,遠傳電信股份有限公司,中華電信股份有限公司企業客戶分公司,314330000,1
國立陽明交通大學學術網路暨友校國內專屬骨幹網路連線服務案,國立陽明交通大學,中華電信股份有限公司臺灣北區電信分公司,,23820000,1
國立陽明交通大學學術網路暨友校國際連線服務案,國立陽明交通大學,台灣恩悌悌系統股份有限公司,中華電信股份有限公司國際電信分公司,19700000,1
國有公用財產管理系統網路版營運服務案,財政部國有財產署,關貿網路股份有限公司,,8070000,1
國際郵件追踨查詢系統網路使用,中華郵政股份有限公司,天河電訊股份有限公司,,110000000,1
教育部因應疫情第2次租用無線網路分享器開口契約採購案,教育部,桔豐科技股份有限公司,,9225000,1
第一、二航廈系統及網路資源整合案,桃園國際機場股份有限公司,資拓宏宇國際股份有限公司,亞太電信股份有限公司,179000000,1
軟體定義網路建置採購案,交通部中央氣象局,新加坡商網達先進科技有限公司台灣分公司,,11000000,1
經濟部110年共構資料中心網路與資訊服務平台優化專案,經濟部,台灣源訊科技股份有限公司,,18530000,1
經濟部110年度「網路零售資安聯防計畫」,經濟部,財團法人資訊工業策進會,,8131000,1
經濟部110年資安整合聯防機制服務專案,經濟部,安碁資訊股份有限公司,,23276000,1
資安監控暨設備維護委外服務採購案,內政部空中勤務總隊,展昇資訊股份有限公司,,5700000,1
資通安全防護監控系統、網路傳輸及終端軟、硬體設施淘汰計畫-110年度伺服器,海洋委員會海巡署,凱穩電腦股份有限公司,伯仲國際股份有限公司,8487800,1
電腦端點資安偵測與回應系統三年期1式,國立臺灣大學醫學院附設醫院,中孚科技股份有限公司,技成科技股份有限公司,61652000,1
網路服務防疫系統架構調整精進健保卡身分識別作業開發案,衛生福利部中央健康保險署,凌群電腦股份有限公司,,6500000,1
網路設備汰換及擴充,臺北榮民總醫院,永磐科技股份有限公司,,14553900,1
網路設備汰換與擴充,臺北榮民總醫院,永磐科技股份有限公司,,19541911,1
網路郵局系統應用軟體增修暨維護,中華郵政股份有限公司,康和資訊系統股份有限公司,,12005000,1
網路暨行動投保服務(行動投保系統)應用軟體增修暨維護,中華郵政股份有限公司,精誠資訊股份有限公司,,6125000,1
網路購物環境健全發展計畫,經濟部,財團法人資訊工業策進會,財團法人商業發展研究院,16355000,1
網際網路自動櫃員機系統應用軟體增修暨維護服務,中華郵政股份有限公司,網際威信股份有限公司,,9388000,1
網際網路金融交易跨行支付平臺系統應用軟體增修暨維護服務,中華郵政股份有限公司,網際威信股份有限公司,,9200000,1
臺北市教育網路中心骨幹分流設備及其他資訊設備採購案,臺北市政府工務局,安碁資訊股份有限公司,大同股份有限公司,15550000,1
臺北市教育網路中心暨親師生平臺資訊設備採購案,臺北市政府,力麗科技股份有限公司,采誠科技股份有限公司,29236200,1
數位網路電話交換機系統租賃案,經濟部中小企業處,中華電信股份有限公司企業客戶分公司,陞陽科技事業股份有限公司,6254976,1
整合性資安監控中心建置案,財政部財政資訊中心,安碁資訊股份有限公司,關貿網路股份有限公司,95784035,1
